{
  "as_of": "2026-04-26",
  "brent_crude": {
    "change_3m_pct": 0.65229,
    "current": 111.86,
    "percentile_2y": 0.9643564356435643
  },
  "consumer_sentiment": {
    "change_3m_pct": -0.054965,
    "current": 53.3,
    "percentile_2y": 0.21739130434782608
  },
  "data_quality": {
    "failed_sources": [],
    "sources_failed": 0,
    "sources_ok": 6
  },
  "gasoline_retail": {
    "change_3m_pct": 0.417455,
    "crack_spread_per_gal": -42.9372,
    "current": 4.044,
    "percentile_2y": 0.9807692307692307
  },
  "housing_starts": {
    "change_3m_pct": 0.074392,
    "current": 1502.0,
    "percentile_2y": 0.9565217391304348
  },
  "ism_pmi_proxy": {
    "change_3m_pct": 0.010077,
    "current": 102.4963,
    "percentile_2y": 1.0,
    "regime": "expansion"
  },
  "u6_unemployment": {
    "change_3m_bp": 10.0,
    "current": 8.2,
    "percentile_2y": 0.9130434782608695
  }
}