{
  "as_of": "2026-06-21",
  "brent_crude": {
    "change_3m_pct": -0.221699,
    "current": 84.36,
    "percentile_2y": 0.8223552894211577
  },
  "consumer_sentiment": {
    "change_3m_pct": -0.117021,
    "current": 49.8,
    "percentile_2y": 0.045454545454545456
  },
  "data_quality": {
    "failed_sources": [],
    "sources_failed": 0,
    "sources_ok": 6
  },
  "gasoline_retail": {
    "change_3m_pct": 0.089247,
    "crack_spread_per_gal": -31.3792,
    "current": 4.052,
    "percentile_2y": 0.9134615384615384
  },
  "housing_starts": {
    "change_3m_pct": -0.150181,
    "current": 1177.0,
    "percentile_2y": 0.043478260869565216
  },
  "ism_pmi_proxy": {
    "change_3m_pct": 0.015071,
    "current": 102.6475,
    "percentile_2y": 1.0,
    "regime": "expansion"
  },
  "u6_unemployment": {
    "change_3m_bp": 0.0,
    "current": 8.1,
    "percentile_2y": 0.8636363636363636
  }
}