{
  "as_of": "2026-03-05",
  "brent_crude": {
    "change_3m_pct": 0.375194,
    "current": 88.59,
    "percentile_2y": 0.9723865877712031
  },
  "consumer_sentiment": {
    "change_3m_pct": 0.007561,
    "current": 53.3,
    "percentile_2y": 0.20833333333333334
  },
  "data_quality": {
    "failed_sources": [],
    "sources_failed": 0,
    "sources_ok": 6
  },
  "gasoline_retail": {
    "change_3m_pct": 0.01005,
    "crack_spread_per_gal": -34.1928,
    "current": 3.015,
    "percentile_2y": 0.15384615384615385
  },
  "housing_starts": {
    "change_3m_pct": 0.093955,
    "current": 1502.0,
    "percentile_2y": 0.9583333333333334
  },
  "ism_pmi_proxy": {
    "change_3m_pct": 0.002814,
    "current": 101.806,
    "percentile_2y": 0.9166666666666666,
    "regime": "neutral"
  },
  "u6_unemployment": {
    "change_3m_bp": -40.0,
    "current": 8.0,
    "percentile_2y": 0.782608695652174
  }
}