{
  "as_of": "2026-06-11",
  "brent_crude": {
    "change_3m_pct": 0.084817,
    "current": 97.46,
    "percentile_2y": 0.8928571428571429
  },
  "consumer_sentiment": {
    "change_3m_pct": -0.117021,
    "current": 49.8,
    "percentile_2y": 0.045454545454545456
  },
  "data_quality": {
    "failed_sources": [],
    "sources_failed": 0,
    "sources_ok": 6
  },
  "gasoline_retail": {
    "change_3m_pct": 0.183895,
    "crack_spread_per_gal": -36.7872,
    "current": 4.146,
    "percentile_2y": 0.9519230769230769
  },
  "housing_starts": {
    "change_3m_pct": 0.057762,
    "current": 1465.0,
    "percentile_2y": 0.8636363636363636
  },
  "ism_pmi_proxy": {
    "change_3m_pct": 0.010077,
    "current": 102.4963,
    "percentile_2y": 1.0,
    "regime": "expansion"
  },
  "u6_unemployment": {
    "change_3m_bp": 0.0,
    "current": 8.1,
    "percentile_2y": 0.8636363636363636
  }
}