{
  "as_of": "2026-07-18",
  "brent_crude": {
    "change_3m_pct": -0.312326,
    "current": 81.62,
    "percentile_2y": 0.8266932270916335
  },
  "consumer_sentiment": {
    "change_3m_pct": -0.205674,
    "current": 44.8,
    "percentile_2y": 0.045454545454545456
  },
  "data_quality": {
    "failed_sources": [],
    "sources_failed": 0,
    "sources_ok": 6
  },
  "gasoline_retail": {
    "change_3m_pct": -0.065001,
    "crack_spread_per_gal": -30.4254,
    "current": 3.855,
    "percentile_2y": 0.8653846153846154
  },
  "housing_starts": {
    "change_3m_pct": -0.062418,
    "current": 1427.0,
    "percentile_2y": 0.8260869565217391
  },
  "ism_pmi_proxy": {
    "change_3m_pct": 0.01006,
    "current": 102.6395,
    "percentile_2y": 1.0,
    "regime": "expansion"
  },
  "u6_unemployment": {
    "change_3m_bp": -10.0,
    "current": 7.9,
    "percentile_2y": 0.5909090909090909
  }
}