{
  "as_of": "2026-05-17",
  "benchmark_return_1m": 0.05345895619144647,
  "benchmark_return_3m": 0.08718545124185662,
  "sectors": {
    "XLB": {
      "rank_1m": 10,
      "rank_3m": 10,
      "relative_1m": -0.08147829460573541,
      "relative_3m": -0.13945165878954713,
      "return_1m": -0.02801933841428894,
      "return_3m": -0.05226620754769051,
      "sector_name": "Basic Materials"
    },
    "XLC": {
      "rank_1m": 9,
      "rank_3m": 3,
      "relative_1m": -0.07660125996679934,
      "relative_3m": -0.07086123348417561,
      "return_1m": -0.023142303775352868,
      "return_3m": 0.016324217757681003,
      "sector_name": "Communication Services"
    },
    "XLE": {
      "rank_1m": 2,
      "rank_3m": 2,
      "relative_1m": -0.002911117677864894,
      "relative_3m": 0.013612419990024716,
      "return_1m": 0.05054783851358158,
      "return_3m": 0.10079787123188133,
      "sector_name": "Energy"
    },
    "XLF": {
      "rank_1m": 8,
      "rank_3m": 6,
      "relative_1m": -0.07133326576275167,
      "relative_3m": -0.0927484984795417,
      "return_1m": -0.017874309571305202,
      "return_3m": -0.0055630472376850815,
      "sector_name": "Financials"
    },
    "XLI": {
      "rank_1m": 4,
      "rank_3m": 7,
      "relative_1m": -0.04717707951718331,
      "relative_3m": -0.1003243069265255,
      "return_1m": 0.006281876674263165,
      "return_3m": -0.013138855684668882,
      "sector_name": "Industrials"
    },
    "XLK": {
      "rank_1m": 1,
      "rank_3m": 1,
      "relative_1m": 0.10599367867975373,
      "relative_3m": 0.17735420273807923,
      "return_1m": 0.1594526348712002,
      "return_3m": 0.26453965397993584,
      "sector_name": "Technology"
    },
    "XLP": {
      "rank_1m": 3,
      "rank_3m": 8,
      "relative_1m": -0.01403860653600586,
      "relative_3m": -0.13627032927859517,
      "return_1m": 0.03942034965544061,
      "return_3m": -0.049084878036738555,
      "sector_name": "Consumer Defensive"
    },
    "XLRE": {
      "rank_1m": 7,
      "rank_3m": 5,
      "relative_1m": -0.06669798410456329,
      "relative_3m": -0.08671269247595559,
      "return_1m": -0.013239027913116819,
      "return_3m": 0.00047275876590102683,
      "sector_name": "Real Estate"
    },
    "XLU": {
      "rank_1m": 11,
      "rank_3m": 9,
      "relative_1m": -0.10696488119424885,
      "relative_3m": -0.13714866911801016,
      "return_1m": -0.05350592500280238,
      "return_3m": -0.04996321787615354,
      "sector_name": "Utilities"
    },
    "XLV": {
      "rank_1m": 6,
      "rank_3m": 11,
      "relative_1m": -0.06375835255287943,
      "relative_3m": -0.16312564455709988,
      "return_1m": -0.010299396361432955,
      "return_3m": -0.07594019331524327,
      "sector_name": "Healthcare"
    },
    "XLY": {
      "rank_1m": 5,
      "rank_3m": 4,
      "relative_1m": -0.06281029938455474,
      "relative_3m": -0.08215801763077435,
      "return_1m": -0.009351343193108264,
      "return_3m": 0.005027433611082266,
      "sector_name": "Consumer Cyclical"
    }
  }
}