{
  "horizon_1d": {
    "adoption_momentum": {
      "Q1": {
        "n_obs": 90,
        "mean": -0.00031229270126006096,
        "std": 0.008374429340493539,
        "t_stat_vs_zero": -0.353775592034595
      },
      "Q2": {
        "n_obs": 90,
        "mean": 0.00020856379535301561,
        "std": 0.00984359127488163,
        "t_stat_vs_zero": 0.20100488094657362
      },
      "Q3": {
        "n_obs": 90,
        "mean": 0.0003374423681004896,
        "std": 0.007954065760577125,
        "t_stat_vs_zero": 0.4024683077907072
      },
      "Q4": {
        "n_obs": 90,
        "mean": 0.0008822418502452605,
        "std": 0.007894813215382681,
        "t_stat_vs_zero": 1.060149347850393
      },
      "Q5": {
        "n_obs": 90,
        "mean": 0.0007711810351278569,
        "std": 0.012397343038663168,
        "t_stat_vs_zero": 0.5901317447758508
      },
      "Q5-Q1": {
        "n_obs": 90,
        "mean": 0.0010834737363879178,
        "std": 0.009712531508068754,
        "t_stat_vs_zero": 1.058296116448827
      }
    },
    "institutional_confidence": {
      "Q1": {
        "n_obs": 90,
        "mean": 0.0005567786486765829,
        "std": 0.01786155365975383,
        "t_stat_vs_zero": 0.29572265367977446
      },
      "Q2": {
        "n_obs": 90,
        "mean": 0.0008568053357285613,
        "std": 0.010097851618235091,
        "t_stat_vs_zero": 0.8049602454232908
      },
      "Q3": {
        "n_obs": 90,
        "mean": -0.0011427164221625612,
        "std": 0.008913380412969149,
        "t_stat_vs_zero": -1.2162343958037618
      },
      "Q4": {
        "n_obs": 90,
        "mean": -0.00015725442121727534,
        "std": 0.007342962228842746,
        "t_stat_vs_zero": -0.20316683962698395
      },
      "Q5": {
        "n_obs": 90,
        "mean": 0.001733341364379492,
        "std": 0.012366762884631767,
        "t_stat_vs_zero": 1.3296866912928422
      },
      "Q5-Q1": {
        "n_obs": 90,
        "mean": 0.0011765627157029094,
        "std": 0.02308692067154108,
        "t_stat_vs_zero": 0.48347088525851395
      }
    },
    "financial_evolution": {
      "Q1": {
        "n_obs": 90,
        "mean": -0.0008145592499579083,
        "std": 0.008249128695312314,
        "t_stat_vs_zero": -0.9367762151010598
      },
      "Q2": {
        "n_obs": 90,
        "mean": 0.00023291328890198264,
        "std": 0.00933453587111233,
        "t_stat_vs_zero": 0.23671337292637637
      },
      "Q3": {
        "n_obs": 90,
        "mean": -0.00020530621223740863,
        "std": 0.008798540192732305,
        "t_stat_vs_zero": -0.22136692027221325
      },
      "Q4": {
        "n_obs": 90,
        "mean": 0.0009882993425360388,
        "std": 0.008003728727289508,
        "t_stat_vs_zero": 1.1714328554658044
      },
      "Q5": {
        "n_obs": 90,
        "mean": 0.0016465845177360775,
        "std": 0.01108602205585576,
        "t_stat_vs_zero": 1.4090601867237535
      },
      "Q5-Q1": {
        "n_obs": 90,
        "mean": 0.002461143767693986,
        "std": 0.008379624676967882,
        "t_stat_vs_zero": 2.7863371887405926
      }
    },
    "thesis_integrity": {
      "Q1": {
        "n_obs": 90,
        "mean": 0.0007584416919625809,
        "std": 0.010324702099325315,
        "t_stat_vs_zero": 0.6968927130179295
      },
      "Q2": {
        "n_obs": 90,
        "mean": 8.430172079985096e-05,
        "std": 0.008140277723659235,
        "t_stat_vs_zero": 0.09824681323499784
      },
      "Q3": {
        "n_obs": 90,
        "mean": -0.00039438832251127964,
        "std": 0.01012690178254127,
        "t_stat_vs_zero": -0.36946108745484485
      },
      "Q4": {
        "n_obs": 90,
        "mean": 0.0014860405586342724,
        "std": 0.008876493500850015,
        "t_stat_vs_zero": 1.5882193324052887
      },
      "Q5": {
        "n_obs": 90,
        "mean": -5.4686561466619154e-05,
        "std": 0.007649404225806957,
        "t_stat_vs_zero": -0.06782257279091747
      },
      "Q5-Q1": {
        "n_obs": 90,
        "mean": -0.0008131282534292,
        "std": 0.006736834375948028,
        "t_stat_vs_zero": -1.1450499598970973
      }
    },
    "des": {
      "Q1": {
        "n_obs": 90,
        "mean": -0.0009040462367390765,
        "std": 0.009128334976674571,
        "t_stat_vs_zero": -0.9395509341531896
      },
      "Q2": {
        "n_obs": 90,
        "mean": -0.0003568838909458563,
        "std": 0.011167708889348643,
        "t_stat_vs_zero": -0.30316852815399803
      },
      "Q3": {
        "n_obs": 90,
        "mean": 0.0029528863699804183,
        "std": 0.012620448776895183,
        "t_stat_vs_zero": 2.219694425898702
      },
      "Q4": {
        "n_obs": 90,
        "mean": 0.0002753026000196018,
        "std": 0.009135476596886927,
        "t_stat_vs_zero": 0.28589091743443057
      },
      "Q5": {
        "n_obs": 90,
        "mean": -8.832224395111319e-05,
        "std": 0.009503161315515806,
        "t_stat_vs_zero": -0.08817048864145922
      },
      "Q5-Q1": {
        "n_obs": 90,
        "mean": 0.0008157239927879629,
        "std": 0.009728384415372568,
        "t_stat_vs_zero": 0.7954699308080144
      }
    }
  },
  "horizon_5d": {
    "adoption_momentum": {
      "Q1": {
        "n_obs": 90,
        "mean": 0.0018664781023307409,
        "std": 0.01754774211924375,
        "t_stat_vs_zero": 1.0090737542332329
      },
      "Q2": {
        "n_obs": 90,
        "mean": 0.0018124599666152414,
        "std": 0.020293136486357125,
        "t_stat_vs_zero": 0.8473064278994235
      },
      "Q3": {
        "n_obs": 90,
        "mean": -0.00018222550743029174,
        "std": 0.017662000761919032,
        "t_stat_vs_zero": -0.09787922541065175
      },
      "Q4": {
        "n_obs": 90,
        "mean": 0.005888187992288116,
        "std": 0.01926624449851773,
        "t_stat_vs_zero": 2.899384778644894
      },
      "Q5": {
        "n_obs": 90,
        "mean": 0.00141161118584497,
        "std": 0.026628453411799126,
        "t_stat_vs_zero": 0.5029101520252066
      },
      "Q5-Q1": {
        "n_obs": 90,
        "mean": -0.0004548669164857705,
        "std": 0.02331015795428376,
        "t_stat_vs_zero": -0.1851230040363095
      }
    },
    "institutional_confidence": {
      "Q1": {
        "n_obs": 90,
        "mean": -0.0038204055974653097,
        "std": 0.040278471951377764,
        "t_stat_vs_zero": -0.8998243494612161
      },
      "Q2": {
        "n_obs": 90,
        "mean": 0.0006358618916680051,
        "std": 0.022419170472889667,
        "t_stat_vs_zero": 0.2690695256640731
      },
      "Q3": {
        "n_obs": 90,
        "mean": -0.0014377349831716558,
        "std": 0.02068750294087332,
        "t_stat_vs_zero": -0.6593135814680916
      },
      "Q4": {
        "n_obs": 90,
        "mean": 0.0013287012290657634,
        "std": 0.01796855269532684,
        "t_stat_vs_zero": 0.7015126290286627
      },
      "Q5": {
        "n_obs": 90,
        "mean": 0.013630342182613298,
        "std": 0.02682509878974034,
        "t_stat_vs_zero": 4.820440020263496
      },
      "Q5-Q1": {
        "n_obs": 90,
        "mean": 0.01745074778007861,
        "std": 0.054084016247382,
        "t_stat_vs_zero": 3.0610213712177914
      }
    },
    "financial_evolution": {
      "Q1": {
        "n_obs": 90,
        "mean": -0.0018012170152305973,
        "std": 0.016128677189160102,
        "t_stat_vs_zero": -1.0594697125329782
      },
      "Q2": {
        "n_obs": 90,
        "mean": 0.0019485477947898881,
        "std": 0.02168067990274245,
        "t_stat_vs_zero": 0.8526276651206395
      },
      "Q3": {
        "n_obs": 90,
        "mean": 0.0008261678239301613,
        "std": 0.017026880362535975,
        "t_stat_vs_zero": 0.460314279105293
      },
      "Q4": {
        "n_obs": 90,
        "mean": 0.0014964588388522392,
        "std": 0.018054643752179342,
        "t_stat_vs_zero": 0.7863159894627217
      },
      "Q5": {
        "n_obs": 90,